File_name,flash percent,flash,ram,Code,RO_data,RW_data,ZI_data
lv_font_alatsi_regular_29.o,16.181934%,36243,8,0,36243,0,8
lv_font_montserrat_14.o,6.086922%,13633,8,0,13633,0,8
lv_font_alatsi_regular_13.o,4.832747%,10824,8,0,10824,0,8
lv_theme_default.o,3.738860%,8374,108,8352,22,0,108
lv_chart.o,3.170039%,7100,0,7072,28,0,0
lv_draw_sw_rect.o,2.959298%,6628,0,6628,0,0,0
lv_obj_pos.o,2.385120%,5342,5,5342,0,0,5
lv_refr.o,2.002036%,4484,32,4484,0,0,32
lv_label.o,1.884164%,4220,0,4192,28,0,0
lv_obj_scroll.o,1.876127%,4202,0,4202,0,0,0
lv_draw_mask.o,1.850231%,4144,0,4144,0,0,0
lv_btnmatrix.o,1.796207%,4023,28,3942,53,28,0
lv_textarea.o,1.760934%,3944,4,3916,28,0,4
lv_draw_sw_blend.o,1.656457%,3710,0,3698,12,0,0
lv_obj_style.o,1.602432%,3589,1,3588,0,1,0
lv_obj.o,1.494830%,3348,5,3320,28,0,5
lv_dropdown.o,1.467148%,3286,0,3230,56,0,0
stm32f4xx_hal_i2c.o,1.440359%,3226,0,3226,0,0,0
lv_arc.o,1.401068%,3138,0,3110,28,0,0
lv_draw_sw_arc.o,1.299270%,2910,0,2910,0,0,0
lv_table.o,1.268909%,2842,0,2814,28,0,0
lv_flex.o,1.226939%,2748,12,2748,0,0,12
lv_roller.o,1.184077%,2652,0,2596,56,0,0
lv_colorwheel.o,1.141214%,2556,9,2524,28,4,5
lv_grid.o,1.088529%,2438,22,2438,0,0,22
stm32f4xx_hal_spi.o,1.059061%,2372,0,2372,0,0,0
lv_img.o,0.953691%,2136,0,2108,28,0,0
lv_meter.o,0.951905%,2132,0,2104,28,0,0
stm32f4xx_hal_uart.o,0.915293%,2050,0,2050,0,0,0
lv_slider.o,0.912614%,2044,0,2016,28,0,0
lv_printf.o,0.902791%,2022,0,2022,0,0,0
lv_bar.o,0.892969%,2000,0,1972,28,0,0
c_w.l,0.884932%,1982,100,1706,272,4,96
lv_img_decoder.o,0.879574%,1970,0,1966,4,0,0
lv_draw_sw_line.o,0.853678%,1912,0,1912,0,0,0
lv_keyboard.o,0.837158%,1875,72,714,1089,72,0
lv_txt.o,0.819745%,1836,28,1808,0,28,0
lv_obj_draw.o,0.765274%,1714,0,1714,0,0,0
lv_draw_sw_transform.o,0.745629%,1670,0,1670,0,0,0
lv_area.o,0.671512%,1504,12,1500,0,4,8
lv_draw_label.o,0.642045%,1438,0,1438,0,0,0
lv_draw_sw_letter.o,0.590252%,1322,264,1044,278,0,264
lv_menu.o,0.586680%,1314,0,1050,264,0,0
stm32f4xx_hal_rcc.o,0.563463%,1262,0,1262,0,0,0
lv_tlsf.o,0.556320%,1246,0,1246,0,0,0
lv_calendar.o,0.542925%,1216,0,1164,52,0,0
lv_style.o,0.528191%,1183,6,1068,113,2,4
lv_draw_sw_img.o,0.522387%,1170,0,1170,0,0,0
lv_draw_arc.o,0.448270%,1004,0,1004,0,0,0
lv_disp.o,0.444698%,996,0,996,0,0,0
lv_calendar_header_dropdown.o,0.442466%,991,0,348,643,0,0
stm32f4xx_hal_dma.o,0.439341%,984,0,984,0,0,0
lv_mem.o,0.425946%,954,10256,950,0,4,10252
lv_dclock.o,0.424160%,950,0,916,34,0,0
lv_anim.o,0.419695%,940,12,940,0,0,12
lv_draw_sw_gradient.o,0.418802%,938,12,938,0,0,12
lv_tabview.o,0.400050%,896,4,868,28,0,4
lv_obj_tree.o,0.395585%,886,0,886,0,0,0
lv_spinbox.o,0.392906%,880,0,852,28,0,0
lv_checkbox.o,0.390227%,874,0,846,28,0,0
lv_group.o,0.369689%,828,4,828,0,0,4
lv_color.o,0.349151%,782,0,402,380,0,0
lv_draw_img.o,0.345579%,774,0,766,8,0,0
lv_fs.o,0.339328%,760,0,760,0,0,0
lv_switch.o,0.331291%,742,0,714,28,0,0
stm32f4xx_hal_tim.o,0.312539%,700,0,700,0,0,0
lv_draw_sw_polygon.o,0.308074%,690,0,690,0,0,0
fz_wm.l,0.300930%,674,0,674,0,0,0
spi.o,0.292001%,654,552,654,0,0,552
lv_event.o,0.286643%,642,4,642,0,0,4
st7789.o,0.274141%,614,3202,614,0,0,3202
lv_math.o,0.274141%,614,0,432,182,0,0
lv_font_fmt_txt.o,0.271463%,608,0,608,0,0,0
lv_calendar_header_arrow.o,0.266105%,596,0,428,168,0,0
widgets_init.o,0.259854%,582,4,580,2,0,4
main.o,0.246459%,552,528,552,0,0,528
lv_led.o,0.242887%,544,0,516,28,0,0
lv_hal_disp.o,0.241995%,542,4,542,0,0,4
lv_timer.o,0.225921%,506,20,506,0,0,20
startup_stm32f401xc.o,0.208955%,468,24576,64,404,0,24576
setup_scr_screen.o,0.204936%,459,16,444,0,15,1
lv_draw_sw_layer.o,0.204490%,458,0,458,0,0,0
lv_line.o,0.201811%,452,0,424,28,0,0
stm32f4xx_hal_gpio.o,0.199132%,446,0,446,0,0,0
lv_obj_class.o,0.195560%,438,0,438,0,0,0
lv_tileview.o,0.181273%,406,12,350,56,0,12
usart.o,0.177701%,398,336,398,0,0,336
lv_style_gen.o,0.160734%,360,0,360,0,0,0
lv_ll.o,0.159841%,358,0,358,0,0,0
lv_indev.o,0.152698%,342,8,342,0,0,8
dmul.o,0.151805%,340,0,340,0,0,0
lc_ctype_c.o,0.141089%,316,0,44,272,0,0
gpio.o,0.111621%,250,0,250,0,0,0
lv_img_buf.o,0.110728%,248,0,248,0,0,0
lv_draw_sw.o,0.109835%,246,0,246,0,0,0
lludivv7m.o,0.107156%,240,0,240,0,0,0
lv_obj_style_gen.o,0.107156%,240,0,240,0,0,0
i2c.o,0.103584%,232,180,232,0,0,180
lv_font.o,0.086618%,194,0,194,0,0,0
stm32f4xx_hal.o,0.083939%,188,12,180,0,8,4
stm32f4xx_hal_cortex.o,0.080367%,180,0,180,0,0,0
lv_port_disp.o,0.079028%,177,3309,176,0,1,3308
lv_draw_layer.o,0.076795%,172,0,172,0,0,0
lv_spinner.o,0.075009%,168,8,140,28,0,8
usart_idel_config.o,0.073223%,164,256,164,0,0,256
stm32f4xx_it.o,0.071438%,160,0,160,0,0,0
_strtoul.o,0.070545%,158,0,158,0,0,0
dnaninf.o,0.069652%,156,0,156,0,0,0
lv_win.o,0.066080%,148,2,120,28,0,2
rt_memcpy_v6.o,0.061615%,138,0,138,0,0,0
dma.o,0.059829%,134,0,134,0,0,0
strcmpv7em.o,0.055364%,124,0,124,0,0,0
tim.o,0.051792%,116,72,116,0,0,72
lv_theme.o,0.051792%,116,0,116,0,0,0
strtol.o,0.050006%,112,0,112,0,0,0
lv_draw_rect.o,0.050006%,112,0,112,0,0,0
rt_memcpy_w.o,0.044648%,100,0,100,0,0,0
dfix.o,0.041970%,94,0,94,0,0,0
__scatter.o,0.041970%,94,0,94,0,0,0
lv_img_cache.o,0.038398%,86,0,86,0,0,0
lv_list.o,0.037505%,84,0,0,84,0,0
rt_memclr_w.o,0.034826%,78,0,78,0,0,0
lv_btn.o,0.034826%,78,0,50,28,0,0
sys_stackheap_outer.o,0.033040%,74,0,74,0,0,0
strcpy.o,0.032147%,72,0,72,0,0,0
w25qxx.o,0.030807%,69,1,68,0,1,0
strtok_int.o,0.030361%,68,0,68,0,0,0
lv_utils.o,0.028575%,64,0,64,0,0,0
lv_indev_scroll.o,0.028575%,64,0,64,0,0,0
strlen.o,0.027682%,62,0,62,0,0,0
stm32f4xx_hal_msp.o,0.025003%,56,0,56,0,0,0
lv_msgbox.o,0.025003%,56,0,0,56,0,0
lv_draw_transform.o,0.023217%,52,0,52,0,0,0
lv_hal_tick.o,0.021431%,48,8,48,0,0,8
dflt_clz.o,0.020538%,46,0,46,0,0,0
lv_draw_line.o,0.020538%,46,0,46,0,0,0
system_stm32f4xx.o,0.019645%,44,4,16,24,4,0
strcspn.o,0.014288%,32,0,32,0,0,0
strspn.o,0.012502%,28,0,28,0,0,0
_chval.o,0.012502%,28,0,28,0,0,0
__scatter_zi.o,0.012502%,28,0,28,0,0,0
fpinit.o,0.011609%,26,0,26,0,0,0
atoi.o,0.011609%,26,0,26,0,0,0
__scatter_copy.o,0.011609%,26,0,26,0,0,0
libinit2.o,0.010716%,24,0,24,0,0,0
gui_guider.o,0.010716%,24,0,24,0,0,0
exit.o,0.008037%,18,0,18,0,0,0
strtok.o,0.007144%,16,4,12,0,4,0
rt_ctype_table.o,0.007144%,16,0,16,0,0,0
aeabi_memset4.o,0.007144%,16,0,16,0,0,0
lv_hal_indev.o,0.007144%,16,0,16,0,0,0
lv_extra.o,0.006251%,14,0,14,0,0,0
dretinf.o,0.005358%,12,0,12,0,0,0
sys_exit.o,0.005358%,12,0,12,0,0,0
__rtentry2.o,0.005358%,12,0,12,0,0,0
rtexit2.o,0.004465%,10,0,10,0,0,0
lv_draw.o,0.004465%,10,0,10,0,0,0
rt_locale_intlibspace.o,0.003572%,8,0,8,0,0,0
rt_errno_addr_intlibspace.o,0.003572%,8,0,8,0,0,0
libspace.o,0.003572%,8,96,8,0,0,96
__main.o,0.003572%,8,0,8,0,0,0
heapauxi.o,0.002679%,6,0,6,0,0,0
__rtentry4.o,0.002679%,6,0,6,0,0,0
stm32f4xx_hal_tim_ex.o,0.001786%,4,0,4,0,0,0
use_no_semi.o,0.000893%,2,0,2,0,0,0
rtexit.o,0.000893%,2,0,2,0,0,0
libshutdown2.o,0.000893%,2,0,2,0,0,0
libshutdown.o,0.000893%,2,0,2,0,0,0
libinit.o,0.000893%,2,0,2,0,0,0
